{"TimeStamp":"Thu May 27 16:35:16 2021\n","Circuits":{"ExitCode":"0","TraceCount":"1","Mode":"SPICE","Type":"TIRestricted","Models":[{"ModelName":"X_U1.DMOD1","FileName":"c:\\users\\a0232073\\downloads\\lm7171\\lm7171.lib","ModelType":".model","DeviceType":"D","Source":"FROM_INC","isLibSigned":"false","isAllowed":"false"},{"ModelName":"X_U1.DMOD2","FileName":"c:\\users\\a0232073\\downloads\\lm7171\\lm7171.lib","ModelType":".model","DeviceType":"D","Source":"FROM_INC","isLibSigned":"false","isAllowed":"false"},{"ModelName":"X_U1.NPN1","FileName":"c:\\users\\a0232073\\downloads\\lm7171\\lm7171.lib","ModelType":".model","DeviceType":"Q","Source":"FROM_INC","isLibSigned":"false","isAllowed":"false"},{"ModelName":"X_U1.PNP1","FileName":"c:\\users\\a0232073\\downloads\\lm7171\\lm7171.lib","ModelType":".model","DeviceType":"Q","Source":"FROM_INC","isLibSigned":"false","isAllowed":"false"},{"ModelName":"X_U1.MRAX","FileName":"c:\\users\\a0232073\\downloads\\lm7171\\lm7171.lib","ModelType":".model","DeviceType":"R","Source":"FROM_INC","isLibSigned":"false","isAllowed":"true"},{"ModelName":"X_U1.MRIB","FileName":"c:\\users\\a0232073\\downloads\\lm7171\\lm7171.lib","ModelType":".model","DeviceType":"R","Source":"FROM_INC","isLibSigned":"false","isAllowed":"true"},{"ModelName":"X_U1.MRISC","FileName":"c:\\users\\a0232073\\downloads\\lm7171\\lm7171.lib","ModelType":".model","DeviceType":"R","Source":"FROM_INC","isLibSigned":"false","isAllowed":"true"},{"ModelName":"LM7171","FileName":"c:\\users\\a0232073\\downloads\\lm7171\\lm7171.lib","ModelType":".subckt","DeviceType":"X","Source":"FROM_INC","isLibSigned":"false","isAllowed":"true"}]}}